model,split,n,mae,rmse,r2_oos,delta_rmse_vs_har,relative_rmse_vs_har_percent,rank_rmse
historical_mean,test_knn_comparable_sample,5000,0.9965369419,1.26545162074,0,0.404640876334,47.0069500136,5
persistence,test_knn_comparable_sample,5000,0.76286238025,0.97749957654,0.403319200316,0.116688832135,13.5556895512,4
ar49_horizon12,test_knn_comparable_sample,5000,0.670989592158,0.864066523056,0.533766724796,0.00325577865115,0.378222352859,2
knn_tau137_m5_k200,test_knn_comparable_sample,5000,0.681155852874,0.876533676685,0.520215603039,0.0157229322796,1.82652602582,3
har_logrv_compact,test_knn_comparable_sample,5000,0.669128350198,0.860810744405,0.537273613449,0,0,1
