lag,q_stat,df_adjusted,p_value,reject_5pct
12,25.6833305279,,,
48,80.505940894,,,
288,1032.61106383,239,4.52626294926e-99,True
2016,6872.53911526,1967,0,True
