model,split,n,mae,mse,rmse,r2_oos,bias_yhat_minus_y,error_std
historical_mean,validation_full,52992,1.02982002417,1.67728589549,1.29510072793,0,0.503428128442,1.19326144854
persistence,validation_full,52992,0.720591875638,0.862206287402,0.928550638039,0.485951506705,0.000265212775549,0.928559361521
ar49_horizon12,validation_full,52992,0.640238028157,0.682922215297,0.826391078907,0.59284090021,0.0894394470889,0.821544604484
har_logrv_compact,validation_full,52992,0.633444804086,0.675446656171,0.821855617594,0.59729783814,0.0620422156335,0.819518208127
