k,n,mae,mse,rmse,r2_oos,bias_yhat_minus_y,error_std
2,5000,0.835873584654,1.14863170181,1.07174236727,0.308739738981,0.109595655623,1.06623068032
3,5000,0.803012011185,1.05913701609,1.02914382673,0.362598708496,0.105134451545,1.0238620131
5,5000,0.763311796416,0.958737604012,0.979151471434,0.423020272423,0.103808997871,0.973730417599
10,5000,0.718650350055,0.850877394932,0.922430157211,0.48793183299,0.107212115788,0.916270084273
20,5000,0.691800872228,0.788572476886,0.888016034138,0.525427675951,0.108027583999,0.881508893641
50,5000,0.672973878903,0.744450707713,0.862815569929,0.551980683001,0.114183133975,0.85531235901
