model,split,n,mae,mse,rmse,r2_oos,bias_yhat_minus_y,error_std
historical_mean,test,5000,0.99639790147,1.60095248846,1.26528751217,0,0.0626250328211,1.26386315072
persistence,test,5000,0.76286238025,0.955505422136,0.97749957654,0.403164410546,-0.00431077663043,0.977587834896
ar49_horizon12,test,5000,0.670989592158,0.746610956266,0.864066523056,0.533645775469,0.00876444999155,0.864108487042
nearest_neighbor,test,5000,0.932549994363,1.42467212792,1.19359630023,0.110109676465,-0.0147094765206,1.19362502796
knn_mean_k50,test,5000,0.693550438457,0.799260768367,0.894013852447,0.500759220446,-0.015969907953,0.893960605128
