model,split,n,mae,mse,rmse,r2_oos,bias_yhat_minus_y,error_std
historical_mean,test_knn_comparable_sample,5000,0.996536415516,1.60136622883,1.26545099819,0,0.0658455397862,1.26386315072
persistence,test_knn_comparable_sample,5000,0.76286238025,0.955505422136,0.97749957654,0.403318613236,-0.00431077663043,0.977587834896
ar49_horizon12,test_knn_comparable_sample,5000,0.670989592158,0.746610956266,0.864066523056,0.533766266065,0.00876444999156,0.864108487042
knn_tau137_m5_k200,test_knn_comparable_sample,5000,0.681143476346,0.768309044749,0.876532398003,0.520216530787,-0.0181533192938,0.876432044356
har_logrv_compact,test_knn_comparable_sample,5000,0.669129161573,0.740995206229,0.86081078422,0.537273115364,0.0200015910134,0.860664447531
historical_mean,test_full,34512,0.998866942339,1.60622205708,1.26736816162,0,0.0663368769867,1.26564919731
persistence,test_full,34512,0.760279186498,0.952476972704,0.975949267485,0.4070079112,-0.000111271488019,0.975963400723
ar49_horizon12,test_full,34512,0.672779832484,0.74807390364,0.864912656654,0.534264954,0.0115394952075,0.86484820415
har_logrv_compact,test_full,34512,0.668907615465,0.741169552526,0.860912046917,0.538563457488,0.0223819762102,0.86063352333
