model,split,n,mae,mse,rmse,r2_oos,bias_yhat_minus_y,error_std
historical_mean,test_knn_comparable_sample,5000,0.9965369419,1.60136780443,1.26545162074,0,0.0658575030594,1.26386315072
persistence,test_knn_comparable_sample,5000,0.76286238025,0.955505422136,0.97749957654,0.403319200316,-0.00431077663043,0.977587834896
ar49_horizon12,test_knn_comparable_sample,5000,0.670989592158,0.746610956266,0.864066523056,0.533766724796,0.00876444999155,0.864108487042
knn_tau137_m5_k200,test_knn_comparable_sample,5000,0.681155852874,0.768311286362,0.876533676685,0.520215603039,-0.0181001032263,0.876434424293
har_logrv_compact,test_knn_comparable_sample,5000,0.669128350198,0.740995137683,0.860810744405,0.537273613449,0.0199927387718,0.860664613421
historical_mean,test_full,34512,0.998867460914,1.60622364444,1.26736878786,0,0.0663488402599,1.26564919731
persistence,test_full,34512,0.760279186498,0.952476972704,0.975949267485,0.407008497227,-0.000111271488019,0.975963400723
ar49_horizon12,test_full,34512,0.672779832484,0.74807390364,0.864912656654,0.534265414265,0.0115394952075,0.86484820415
har_logrv_compact,test_full,34512,0.668906671795,0.74116929387,0.860911896694,0.538564074538,0.0223731672838,0.860633602105
