model,split,n,mae,mse,rmse,r2_oos,bias_yhat_minus_y,error_std
historical_mean,validation_full,52980,1.02955812719,1.67657424726,1.2948259525,0,0.503054848856,1.19312067102
persistence,validation_full,52980,0.720606064141,0.862266654785,0.928583143711,0.485697304372,0.000133818535323,0.928591897718
ar49_horizon12,validation_full,52980,0.640189660502,0.682900136289,0.826377720107,0.592681244266,0.0892663232429,0.821549998132
har_logrv_compact,validation_full,52980,0.633371977495,0.675377768969,0.821813706973,0.597167992963,0.0618268521128,0.819492455854
