config_name,tau,m,theiler_window,selected_k,validation_rmse_selected_k,test_rmse_knn,test_rmse_persistence,test_rmse_ar49,delta_rmse_knn_vs_persistence,delta_rmse_knn_vs_ar49,relative_improvement_vs_persistence_percent,relative_difference_vs_ar49_percent
tau137_m5,137,5,685,200,0.848334672632,0.876533676685,0.97749957654,0.864066523056,-0.100965899856,0.0124671536285,10.3289967872,1.44284650496
tau137_m14,137,14,1918,200,0.897042816109,0.914522842466,0.997330620681,0.872288402138,-0.0828077782146,0.0422344403285,8.30294152185,4.8417977615
