model,split,n,mae,mse,rmse,r2_oos,bias_yhat_minus_y,error_std
historical_mean,test,5000,0.996397402915,1.60095098754,1.26528691906,0,0.0626130483377,1.26386315072
persistence,test,5000,0.76286238025,0.955505422136,0.97749957654,0.403163851005,-0.00431077663043,0.977587834896
ar49_horizon12,test,5000,0.670989592158,0.746610956266,0.864066523056,0.533645338255,0.00876444999156,0.864108487042
nearest_neighbor,test,5000,0.932531725633,1.42463760651,1.19358183905,0.110130405246,-0.0147277452501,1.19361033891
knn_mean_k50,test,5000,0.693440003829,0.799016209423,0.893877066169,0.500911510946,-0.016026688342,0.893822766834
