{
  "series": "log_rv_past_12",
  "target": "log_rv_future_12",
  "tau": 137,
  "m": 5,
  "theiler_window": 685,
  "horizon_bars": 12,
  "horizon_minutes": 60,
  "k_grid": [
    2,
    3,
    5,
    10,
    20,
    50
  ],
  "selected_k_by_validation_rmse": 50,
  "eval_sample_size_requested": 5000,
  "random_seed": 20260602,
  "x_mean_train": -11.15731534262724,
  "x_std_train": 1.1877743469251236,
  "mean_y_train_known": -11.160672927793259,
  "alignment_check": {
    "horizon": 12,
    "n_checked": 244740,
    "max_abs_difference_y_t_vs_x_t_plus_horizon": 0.0,
    "mean_abs_difference_y_t_vs_x_t_plus_horizon": 0.0
  },
  "leakage_controls": {
    "purge_bars_between_splits": 12,
    "validation_neighbors": "train only",
    "test_neighbors": "train+validation only",
    "candidate_label_rule": "candidate_index + horizon <= query_index",
    "theiler_rule": "abs(query_index - candidate_index) > theiler_window",
    "test_used_for_k_selection": false,
    "test_used_as_neighbor_library": false
  },
  "phase8_reference": {
    "tau_selection_rule": "primer minimo local de AMI",
    "m_selection_rule": "FNN y Cao son compatibles; se mantiene FNN como dimension operativa",
    "embedding_convention": "X_t=[z_t,z_{t-tau},z_{t-2tau},...,z_{t-(m-1)tau}]"
  },
  "validation_k_selection": [
    {
      "model": "knn_mean_k2",
      "split": "validation",
      "n": 5000,
      "mae": 0.83587358465415,
      "mse": 1.1486317018113776,
      "rmse": 1.0717423672746065,
      "r2_oos": 0.3087397389812161,
      "bias_yhat_minus_y": 0.10959565562296802,
      "error_std": 1.0662306803186072,
      "k": 2
    },
    {
      "model": "knn_mean_k3",
      "split": "validation",
      "n": 5000,
      "mae": 0.8030120111854859,
      "mse": 1.0591370160894726,
      "rmse": 1.0291438267266013,
      "r2_oos": 0.36259870849630005,
      "bias_yhat_minus_y": 0.10513445154467402,
      "error_std": 1.023862013101496,
      "k": 3
    },
    {
      "model": "knn_mean_k5",
      "split": "validation",
      "n": 5000,
      "mae": 0.7633117964157252,
      "mse": 0.9587376040115533,
      "rmse": 0.979151471434095,
      "r2_oos": 0.42302027242289975,
      "bias_yhat_minus_y": 0.1038089978714436,
      "error_std": 0.9737304175990968,
      "k": 5
    },
    {
      "model": "knn_mean_k10",
      "split": "validation",
      "n": 5000,
      "mae": 0.7186503500554052,
      "mse": 0.8508773949323819,
      "rmse": 0.9224301572110388,
      "r2_oos": 0.4879318329901635,
      "bias_yhat_minus_y": 0.1072121157875828,
      "error_std": 0.916270084273299,
      "k": 10
    },
    {
      "model": "knn_mean_k20",
      "split": "validation",
      "n": 5000,
      "mae": 0.6918008722282608,
      "mse": 0.788572476886096,
      "rmse": 0.8880160341379518,
      "r2_oos": 0.5254276759514107,
      "bias_yhat_minus_y": 0.10802758399910542,
      "error_std": 0.8815088936405155,
      "k": 20
    },
    {
      "model": "knn_mean_k50",
      "split": "validation",
      "n": 5000,
      "mae": 0.6729738789026661,
      "mse": 0.7444507077127268,
      "rmse": 0.8628155699294762,
      "r2_oos": 0.5519806830008385,
      "bias_yhat_minus_y": 0.11418313397466688,
      "error_std": 0.8553123590097041,
      "k": 50
    }
  ],
  "test_metrics": [
    {
      "model": "historical_mean",
      "split": "test",
      "n": 5000,
      "mae": 0.9963979014698305,
      "mse": 1.6009524884584303,
      "rmse": 1.2652875121720084,
      "r2_oos": 0.0,
      "bias_yhat_minus_y": 0.06262503282107097,
      "error_std": 1.2638631507150357
    },
    {
      "model": "persistence",
      "split": "test",
      "n": 5000,
      "mae": 0.7628623802504779,
      "mse": 0.9555054221363364,
      "rmse": 0.9774995765402338,
      "r2_oos": 0.4031644105463742,
      "bias_yhat_minus_y": -0.004310776630425997,
      "error_std": 0.9775878348957531
    },
    {
      "model": "ar49_horizon12",
      "split": "test",
      "n": 5000,
      "mae": 0.6709895921582468,
      "mse": 0.7466109562664973,
      "rmse": 0.8640665230562387,
      "r2_oos": 0.5336457754686932,
      "bias_yhat_minus_y": 0.008764449991547891,
      "error_std": 0.864108487042176
    },
    {
      "model": "nearest_neighbor",
      "split": "test",
      "n": 5000,
      "mae": 0.932549994362596,
      "mse": 1.4246721279190182,
      "rmse": 1.193596300228439,
      "r2_oos": 0.11010967646463632,
      "bias_yhat_minus_y": -0.014709476520560006,
      "error_std": 1.1936250279551706
    },
    {
      "model": "knn_mean_k50",
      "split": "test",
      "n": 5000,
      "mae": 0.6935504384571773,
      "mse": 0.7992607683674748,
      "rmse": 0.8940138524471949,
      "r2_oos": 0.5007592204456428,
      "bias_yhat_minus_y": -0.015969907952968716,
      "error_std": 0.8939606051276268
    }
  ],
  "split_summary": [
    {
      "split": "train",
      "row_start_time": "2024-01-02 00:00:00",
      "row_end_time": "2025-06-30 22:55:00",
      "row_n": 157236,
      "embedding_start_time": "2024-01-03 21:40:00",
      "embedding_end_time": "2025-06-30 22:55:00",
      "embedding_n": 156688,
      "evaluation_n": 0
    },
    {
      "split": "validation",
      "row_start_time": "2025-07-01 00:00:00",
      "row_end_time": "2025-12-31 22:55:00",
      "row_n": 52980,
      "embedding_start_time": "2025-07-01 00:00:00",
      "embedding_end_time": "2025-12-31 22:55:00",
      "embedding_n": 52980,
      "evaluation_n": 5000
    },
    {
      "split": "test",
      "row_start_time": "2026-01-01 00:00:00",
      "row_end_time": "2026-04-30 19:55:00",
      "row_n": 34512,
      "embedding_start_time": "2026-01-01 00:00:00",
      "embedding_end_time": "2026-04-30 19:55:00",
      "embedding_n": 34512,
      "evaluation_n": 5000
    }
  ],
  "best_test_model_by_rmse": {
    "model": "ar49_horizon12",
    "split": "test",
    "n": 5000,
    "mae": 0.6709895921582468,
    "mse": 0.7466109562664973,
    "rmse": 0.8640665230562387,
    "r2_oos": 0.5336457754686932,
    "bias_yhat_minus_y": 0.008764449991547891,
    "error_std": 0.864108487042176
  },
  "local_vs_persistence_rmse_delta": -0.0834857240930389,
  "local_vs_persistence_mae_delta": -0.06931194179330058
}