k,n,mae,mse,rmse,r2_oos,bias_yhat_minus_y,error_std
2,5000,0.834563114548,1.15326066381,1.0738997457,0.312028056258,0.119850988386,1.06729762918
3,5000,0.797181143754,1.05157070969,1.02546121803,0.372690695322,0.117118572317,1.01885306204
5,5000,0.7597698088,0.953030078779,0.97623259461,0.431474621207,0.112611783789,0.969812751146
10,5000,0.720698027602,0.851019964847,0.922507433491,0.492328250023,0.109739579471,0.916048589622
20,5000,0.693985657311,0.790878887908,0.889313717373,0.528205111949,0.107239923814,0.882912449526
50,5000,0.673657485496,0.747016478739,0.86430115049,0.554371015148,0.11410975917,0.856821025685
