{
  "series": "log_rv_past_12",
  "target": "log_rv_future_12",
  "tau": 137,
  "m": 5,
  "theiler_window": 685,
  "horizon_bars": 12,
  "horizon_minutes": 60,
  "k_grid": [
    2,
    3,
    5,
    10,
    20,
    50
  ],
  "selected_k_by_validation_rmse": 50,
  "eval_sample_size_requested": 5000,
  "random_seed": 20260602,
  "x_mean_train": -11.157315342627195,
  "x_std_train": 1.1877743469251192,
  "mean_y_train_known": -11.160684912276617,
  "alignment_check": {
    "horizon": 12,
    "n_checked": 244740,
    "max_abs_difference_y_t_vs_x_t_plus_horizon": 0.0,
    "mean_abs_difference_y_t_vs_x_t_plus_horizon": 0.0
  },
  "leakage_controls": {
    "validation_neighbors": "train only",
    "test_neighbors": "train+validation only",
    "candidate_label_rule": "candidate_index + horizon <= query_index",
    "theiler_rule": "abs(query_index - candidate_index) > theiler_window",
    "test_used_for_k_selection": false,
    "test_used_as_neighbor_library": false
  },
  "phase8_reference": {
    "tau_selection_rule": "primer minimo local de AMI",
    "m_selection_rule": "FNN y Cao discrepan; se prioriza FNN y se deja Cao como cautela",
    "embedding_convention": "X_t=[z_t,z_{t-tau},z_{t-2tau},...,z_{t-(m-1)tau}]"
  },
  "validation_k_selection": [
    {
      "model": "knn_mean_k2",
      "split": "validation",
      "n": 5000,
      "mae": 0.8345631145480579,
      "mse": 1.1532606638149363,
      "rmse": 1.0738997457001918,
      "r2_oos": 0.31202805625789953,
      "bias_yhat_minus_y": 0.11985098838598958,
      "error_std": 1.0672976291755207,
      "k": 2
    },
    {
      "model": "knn_mean_k3",
      "split": "validation",
      "n": 5000,
      "mae": 0.7971811437541519,
      "mse": 1.0515707096930096,
      "rmse": 1.025461218034602,
      "r2_oos": 0.37269069532241317,
      "bias_yhat_minus_y": 0.1171185723165154,
      "error_std": 1.0188530620378782,
      "k": 3
    },
    {
      "model": "knn_mean_k5",
      "split": "validation",
      "n": 5000,
      "mae": 0.7597698088003157,
      "mse": 0.9530300787788337,
      "rmse": 0.9762325946099288,
      "r2_oos": 0.431474621207253,
      "bias_yhat_minus_y": 0.11261178378852695,
      "error_std": 0.9698127511459398,
      "k": 5
    },
    {
      "model": "knn_mean_k10",
      "split": "validation",
      "n": 5000,
      "mae": 0.7206980276020097,
      "mse": 0.8510199648467734,
      "rmse": 0.9225074334913369,
      "r2_oos": 0.4923282500226501,
      "bias_yhat_minus_y": 0.10973957947056143,
      "error_std": 0.9160485896218101,
      "k": 10
    },
    {
      "model": "knn_mean_k20",
      "split": "validation",
      "n": 5000,
      "mae": 0.6939856573111343,
      "mse": 0.7908788879080216,
      "rmse": 0.8893137173731336,
      "r2_oos": 0.5282051119485814,
      "bias_yhat_minus_y": 0.10723992381386302,
      "error_std": 0.8829124495255022,
      "k": 20
    },
    {
      "model": "knn_mean_k50",
      "split": "validation",
      "n": 5000,
      "mae": 0.6736574854959237,
      "mse": 0.7470164787391356,
      "rmse": 0.8643011504904616,
      "r2_oos": 0.5543710151480443,
      "bias_yhat_minus_y": 0.11410975917041642,
      "error_std": 0.8568210256846049,
      "k": 50
    }
  ],
  "test_metrics": [
    {
      "model": "historical_mean",
      "split": "test",
      "n": 5000,
      "mae": 0.9963974029153256,
      "mse": 1.6009509875447272,
      "rmse": 1.2652869190601503,
      "r2_oos": 0.0,
      "bias_yhat_minus_y": 0.0626130483377134,
      "error_std": 1.2638631507150362
    },
    {
      "model": "persistence",
      "split": "test",
      "n": 5000,
      "mae": 0.7628623802504745,
      "mse": 0.9555054221363347,
      "rmse": 0.9774995765402329,
      "r2_oos": 0.4031638510047517,
      "bias_yhat_minus_y": -0.004310776630425997,
      "error_std": 0.977587834895753
    },
    {
      "model": "ar49_horizon12",
      "split": "test",
      "n": 5000,
      "mae": 0.6709895921582475,
      "mse": 0.7466109562664975,
      "rmse": 0.8640665230562388,
      "r2_oos": 0.5336453382551545,
      "bias_yhat_minus_y": 0.008764449991555713,
      "error_std": 0.864108487042176
    },
    {
      "model": "nearest_neighbor",
      "split": "test",
      "n": 5000,
      "mae": 0.9325317256330351,
      "mse": 1.4246376065075461,
      "rmse": 1.1935818390489803,
      "r2_oos": 0.11013040524593531,
      "bias_yhat_minus_y": -0.014727745250120003,
      "error_std": 1.193610338911162
    },
    {
      "model": "knn_mean_k50",
      "split": "test",
      "n": 5000,
      "mae": 0.6934400038288661,
      "mse": 0.7990162094229681,
      "rmse": 0.8938770661690388,
      "r2_oos": 0.5009115109461493,
      "bias_yhat_minus_y": -0.0160266883420067,
      "error_std": 0.8938227668343769
    }
  ],
  "split_summary": [
    {
      "split": "train",
      "row_start_time": "2024-01-02 00:00:00",
      "row_end_time": "2025-06-30 23:55:00",
      "row_n": 157248,
      "embedding_start_time": "2024-01-03 21:40:00",
      "embedding_end_time": "2025-06-30 23:55:00",
      "embedding_n": 156700,
      "evaluation_n": 0
    },
    {
      "split": "validation",
      "row_start_time": "2025-07-01 00:00:00",
      "row_end_time": "2025-12-31 23:55:00",
      "row_n": 52992,
      "embedding_start_time": "2025-07-01 00:00:00",
      "embedding_end_time": "2025-12-31 23:55:00",
      "embedding_n": 52992,
      "evaluation_n": 5000
    },
    {
      "split": "test",
      "row_start_time": "2026-01-01 00:00:00",
      "row_end_time": "2026-04-30 19:55:00",
      "row_n": 34512,
      "embedding_start_time": "2026-01-01 00:00:00",
      "embedding_end_time": "2026-04-30 19:55:00",
      "embedding_n": 34512,
      "evaluation_n": 5000
    }
  ],
  "best_test_model_by_rmse": {
    "model": "ar49_horizon12",
    "split": "test",
    "n": 5000,
    "mae": 0.6709895921582475,
    "mse": 0.7466109562664975,
    "rmse": 0.8640665230562388,
    "r2_oos": 0.5336453382551545,
    "bias_yhat_minus_y": 0.008764449991555713,
    "error_std": 0.864108487042176
  },
  "local_vs_persistence_rmse_delta": -0.08362251037119406,
  "local_vs_persistence_mae_delta": -0.06942237642160842
}